-- ============================================================
-- Seed: 15 individual services + 5 packages from service catalogue
-- Prices are placeholder values (Rs) — admin can update via dashboard
-- ============================================================

-- ============================================================
-- SERVICES
-- ============================================================

insert into services (id, name_en, name_ur, price) values
  ('11111111-0001-0000-0000-000000000000', 'Brooming',             'جھاڑو دینا',           150.00),
  ('11111111-0002-0000-0000-000000000000', 'Mopping',              'پوچھا لگانا',           200.00),
  ('11111111-0003-0000-0000-000000000000', 'Dusting',              'گرد صاف کرنا',          100.00),
  ('11111111-0004-0000-0000-000000000000', 'Window Cleaning',      'کھڑکیاں صاف کرنا',      250.00),
  ('11111111-0005-0000-0000-000000000000', 'Mirror Cleaning',      'آئینہ صاف کرنا',        100.00),
  ('11111111-0006-0000-0000-000000000000', 'Carpet Vacuuming',     'قالین صاف کرنا',        300.00),
  ('11111111-0007-0000-0000-000000000000', 'Sofa Cleaning',        'سوفہ صاف کرنا',         400.00),
  ('11111111-0008-0000-0000-000000000000', 'Curtain Cleaning',     'پردے صاف کرنا',         300.00),
  ('11111111-0009-0000-0000-000000000000', 'Bathroom Cleaning',    'باتھ روم صاف کرنا',     300.00),
  ('11111111-0010-0000-0000-000000000000', 'Kitchen Cleaning',     'کچن صاف کرنا',          300.00),
  ('11111111-0011-0000-0000-000000000000', 'Refrigerator Cleaning','فریج صاف کرنا',         250.00),
  ('11111111-0012-0000-0000-000000000000', 'Stove Cleaning',       'اسٹو صاف کرنا',         200.00),
  ('11111111-0013-0000-0000-000000000000', 'Clothes Washing',      'کپڑے دھونا',            250.00),
  ('11111111-0014-0000-0000-000000000000', 'Clothes Drying',       'کپڑے سکھانا',           100.00),
  ('11111111-0015-0000-0000-000000000000', 'Ironing',              'استری کرنا',            150.00)
on conflict (id) do nothing;

-- ============================================================
-- PACKAGES
-- ============================================================

insert into packages (id, name_en, name_ur, description_en, description_ur, type, price) values
  (
    '22222222-0001-0000-0000-000000000000',
    'Standard Cleaning',
    'معیاری صفائی',
    'A thorough basic clean of your home — brooming, mopping and dusting throughout.',
    'آپ کے گھر کی مکمل بنیادی صفائی — جھاڑو، پوچھا اور گرد صاف کرنا۔',
    'cleaning',
    500.00
  ),
  (
    '22222222-0002-0000-0000-000000000000',
    'Special Cleaning',
    'خصوصی صفائی',
    'Everything in Standard plus window, mirror, bathroom and kitchen cleaning.',
    'معیاری صفائی کے علاوہ کھڑکیاں، آئینہ، باتھ روم اور کچن کی صفائی۔',
    'cleaning',
    1000.00
  ),
  (
    '22222222-0003-0000-0000-000000000000',
    'Advanced Deep Cleaning',
    'جامع گہری صفائی',
    'A complete deep clean — everything in Special plus carpet vacuuming, sofa, curtain, refrigerator and stove cleaning.',
    'مکمل گہری صفائی — خصوصی صفائی کے علاوہ قالین، سوفہ، پردے، فریج اور اسٹو کی صفائی۔',
    'cleaning',
    2000.00
  ),
  (
    '22222222-0004-0000-0000-000000000000',
    'Clothes Washing & Drying',
    'کپڑے دھونا اور سکھانا',
    'Full laundry service — washing, drying and ironing your clothes.',
    'مکمل لانڈری سروس — کپڑے دھونا، سکھانا اور استری کرنا۔',
    'standalone',
    600.00
  ),
  (
    '22222222-0005-0000-0000-000000000000',
    'Custom Package',
    'کسٹم پیکج',
    'Pick exactly the services you need. Price is the sum of individual service rates.',
    'اپنی ضرورت کی خدمات خود منتخب کریں۔ قیمت انفرادی خدمات کی رقم ہوگی۔',
    'custom',
    0.00
  )
on conflict (id) do nothing;

-- ============================================================
-- PACKAGE ↔ SERVICE LINKS
-- (Custom Package has no links — customer selects at booking time)
-- ============================================================

-- Standard Cleaning: Brooming, Mopping, Dusting
insert into package_services (package_id, service_id) values
  ('22222222-0001-0000-0000-000000000000', '11111111-0001-0000-0000-000000000000'),
  ('22222222-0001-0000-0000-000000000000', '11111111-0002-0000-0000-000000000000'),
  ('22222222-0001-0000-0000-000000000000', '11111111-0003-0000-0000-000000000000')
on conflict (package_id, service_id) do nothing;

-- Special Cleaning: Standard + Window Cleaning, Mirror Cleaning, Bathroom Cleaning, Kitchen Cleaning
insert into package_services (package_id, service_id) values
  ('22222222-0002-0000-0000-000000000000', '11111111-0001-0000-0000-000000000000'),
  ('22222222-0002-0000-0000-000000000000', '11111111-0002-0000-0000-000000000000'),
  ('22222222-0002-0000-0000-000000000000', '11111111-0003-0000-0000-000000000000'),
  ('22222222-0002-0000-0000-000000000000', '11111111-0004-0000-0000-000000000000'),
  ('22222222-0002-0000-0000-000000000000', '11111111-0005-0000-0000-000000000000'),
  ('22222222-0002-0000-0000-000000000000', '11111111-0009-0000-0000-000000000000'),
  ('22222222-0002-0000-0000-000000000000', '11111111-0010-0000-0000-000000000000')
on conflict (package_id, service_id) do nothing;

-- Advanced Deep Cleaning: Special + Carpet Vacuuming, Sofa Cleaning, Curtain Cleaning, Refrigerator Cleaning, Stove Cleaning
insert into package_services (package_id, service_id) values
  ('22222222-0003-0000-0000-000000000000', '11111111-0001-0000-0000-000000000000'),
  ('22222222-0003-0000-0000-000000000000', '11111111-0002-0000-0000-000000000000'),
  ('22222222-0003-0000-0000-000000000000', '11111111-0003-0000-0000-000000000000'),
  ('22222222-0003-0000-0000-000000000000', '11111111-0004-0000-0000-000000000000'),
  ('22222222-0003-0000-0000-000000000000', '11111111-0005-0000-0000-000000000000'),
  ('22222222-0003-0000-0000-000000000000', '11111111-0006-0000-0000-000000000000'),
  ('22222222-0003-0000-0000-000000000000', '11111111-0007-0000-0000-000000000000'),
  ('22222222-0003-0000-0000-000000000000', '11111111-0008-0000-0000-000000000000'),
  ('22222222-0003-0000-0000-000000000000', '11111111-0009-0000-0000-000000000000'),
  ('22222222-0003-0000-0000-000000000000', '11111111-0010-0000-0000-000000000000'),
  ('22222222-0003-0000-0000-000000000000', '11111111-0011-0000-0000-000000000000'),
  ('22222222-0003-0000-0000-000000000000', '11111111-0012-0000-0000-000000000000')
on conflict (package_id, service_id) do nothing;

-- Clothes Washing & Drying: Clothes Washing, Clothes Drying, Ironing
insert into package_services (package_id, service_id) values
  ('22222222-0004-0000-0000-000000000000', '11111111-0013-0000-0000-000000000000'),
  ('22222222-0004-0000-0000-000000000000', '11111111-0014-0000-0000-000000000000'),
  ('22222222-0004-0000-0000-000000000000', '11111111-0015-0000-0000-000000000000')
on conflict (package_id, service_id) do nothing;
